{
  "pitch_length_m": 105.0,
  "pitch_width_m": 68.0,
  "calibration_method": "Template 1: Halfway + Center Circle",
  "pixel_vertices": [
    [
      71.98143768310547,
      306.3948974609375
    ],
    [
      -1031.6241455078125,
      760.0211791992188
    ],
    [
      3406.50390625,
      851.2857666015625
    ],
    [
      2366.17822265625,
      338.37396240234375
    ]
  ],
  "pixel_vertices_named": {
    "near_left": [
      71.98143768310547,
      306.3948974609375
    ],
    "far_left": [
      -1031.6241455078125,
      760.0211791992188
    ],
    "far_right": [
      3406.50390625,
      851.2857666015625
    ],
    "near_right": [
      2366.17822265625,
      338.37396240234375
    ]
  },
  "vertex_order_note": "near_left, far_left, far_right, near_right (clockwise from bottom-left)",
  "image_points": [
    [
      1120.0,
      804.2666666666667
    ],
    [
      1201.0666666666666,
      322.1333333333333
    ],
    [
      910.9333333333333,
      482.1333333333333
    ],
    [
      1437.8666666666666,
      490.6666666666667
    ]
  ],
  "image_point_labels": [
    "Halfway \u00d7 left touchline",
    "Halfway \u00d7 right touchline",
    "Centre circle left apex",
    "Centre circle right apex"
  ],
  "autofilled_corners": [
    [
      71.98143768310547,
      306.3948974609375
    ],
    [
      -1031.6241455078125,
      760.0211791992188
    ],
    [
      3406.50390625,
      851.2857666015625
    ],
    [
      2366.17822265625,
      338.37396240234375
    ]
  ]
}